,EGFR,Hypoxia,JAK.STAT,MAPK,NFkB,PI3K,TGFb,TNFa,Trail,VEGF,p53
EGFR,0.0182436436572,-0.282291635152,0.127208217728,-0.212216211884,0.218697930962,-0.05732080753,0.000660954621977,0.00538812651356,-0.00815403731921,0.00767202023119,0.209148169274
MTORC1,0.144698667394,-0.0555789094305,0.0270170368787,-0.221822799511,0.00116843005312,-0.0542978597769,0.0413450300089,0.0909551760454,-0.0578382975252,-0.100500044219,0.0394011622988
PDGFR,-0.0782228596851,0.00981219524387,0.00947586489785,0.0303036801094,-0.00214660175371,0.0150950512132,-0.00940282026963,0.00237937873111,0.0274042199697,-0.00786103226307,0.00709392802043
KIT,0.0518001740438,-0.0304078307292,0.00484070174674,-0.0468267833972,-0.0301392776781,-0.0287877141775,-0.017563426074,-0.025386990868,0.0152358276942,0.0225673406004,-0.0464454848764
VEGFR,-0.060520090561,-0.00392365920685,-0.0488985937035,-0.0240857688516,0.000126997516233,0.021119354157,-0.0458781090956,0.0226815018425,0.00548650746504,0.00600872180507,-0.0211898125542
FLT3,0.00100554954865,0.0301762633675,0.0140063558446,-0.00488751600791,-0.0406618041032,-0.00212677320211,0.000987990302132,-0.00758052190346,-0.0694591255299,-0.00039147367069,-0.00650997192595
RET,0.0129969020199,-0.0912801084887,0.0388930131572,-0.0701609141414,0.0846959021156,-0.0218823224204,-0.0151263869695,-0.0104426908633,-0.00939158725592,0.0367737982453,0.013792442704
CSF1R,0.0397009812676,-0.00976391847274,-0.00259867285364,-0.0727621197641,0.0137441409686,-0.0193289460481,-0.0348426991035,-0.00684329598865,0.0379226213773,-0.0508632834958,-0.0654414160668
MET,-0.00396083415623,0.0531568921711,-0.000139882593224,-0.0615645236471,0.0439567316688,0.0212784484727,-0.0410451876018,-0.0676227240047,-0.00283536348792,0.00332180228873,-0.0254848440998
Proteasome,0.0729109809368,-0.0150796595196,-0.102180104067,0.0047514590846,0.0923573414139,-0.117119539602,0.142315936318,-0.0175547401273,-0.0521225654582,-0.0372270537914,0.0122701475795
CAPN1,0.0380021228086,0.0327277558082,-0.05082773392,0.0140934414056,0.0252252312327,-0.0455401380296,0.00990115031172,-0.025573113314,-0.00291803928868,-0.0150907355594,-0.0142941737146
Microtubule stabiliser,-0.0723814971955,-0.00865009323803,-0.024168800271,0.16412423094,-0.0175335444022,-0.00775173344352,0.0830709776616,0.129947741266,0.059233909913,-0.0564544134318,0.0106122705456
SMO,0.0246068250301,0.0330077563072,-0.0163721289614,-0.0540580227182,0.0814917748856,-0.0108672721414,-0.0556263274853,-0.0910353326723,0.0210121052695,-0.0084370659717,-0.0360166066439
BRAF,0.0756078916911,0.054911230817,-0.0261000479315,0.0947696548986,0.0013291189306,-0.0147129658522,-0.0064731717165,-0.0340911645623,0.0751018344578,-0.00198149426535,0.0180721033143
RAF,0.117592519828,0.0364634915226,-0.0321026430857,-0.0419306082583,0.0321694282567,-0.0502549913047,0.0525844820498,-0.0867724774845,0.00628830534543,-0.0057011471442,-0.00774194012802
AURKA,-0.0197519395634,-0.0259536258451,0.0345544087753,0.0320830193908,0.156833669423,-0.0413540204325,-0.0148677534875,-0.130886151307,-0.0863991331097,0.00374160672224,-0.0399104731512
AURKB,-0.0141397065069,-0.00191654440733,-0.0244975051327,-0.00909989779654,-0.0437150180358,0.00567336567284,-0.00539742926157,0.0538439827002,0.0772048068864,-0.0606986744258,-0.0418216069229
AURKC,-0.00255893737064,0.0214372564932,-0.00549023015783,-0.0061339854377,-0.0940375850312,0.0160079757629,-0.00955710745018,0.100975271199,0.0609604019816,-0.0704270417861,-0.0178374812015
others,-0.0109336649646,0.0200823490551,0.00664485861149,-0.0133443104872,0.00945020305507,-0.0075798446576,-0.0757980139794,-0.00696088658049,0.0106731055275,-0.00202768965396,-0.094838909674
ABL,-0.0826215107824,-0.0329884272581,-0.00258153254034,-0.0232601450845,0.0250212753664,-0.00751324848789,-0.0325562917337,-0.0216895650616,0.129860171,0.0204723204765,-0.0257317892974
ALK,0.11239529357,-0.0841779271512,0.040549648004,-0.078085774553,-0.00220803774675,-0.0514678599913,0.0592193104413,0.0469466009267,-0.00747857486538,-0.0632812035225,-0.0219120852247
ROS1,-0.0225364614608,0.0208779057106,-0.0330440324783,-0.0161518158248,0.0406634995637,-0.00124178902016,-0.0535561645135,-0.0306021422099,-0.00352817312476,0.0103400280928,-0.0587276707476
SRC,-0.0841300202959,-0.193464481842,0.112684422927,0.0198857509837,-0.0212084117251,-0.100357698816,0.0740105018259,0.131236308976,0.0158184491548,-0.00123202601829,0.0886750553694
KIF11,0.1134394223,-0.0475886697927,-0.0133056200881,-0.0444863078368,-0.0943730733934,-0.00957078278028,0.00208581430364,0.0788176509187,0.0629998901025,-0.0330270532833,-0.0481422286631
gamma-secretase,-0.128349123294,-0.0110720557694,0.0303224006358,0.113953053308,-0.105724302545,0.0307491413593,-0.00909120175612,0.114247016295,0.046874418221,-0.0245361611501,-0.010024462209
Ephrins,-0.0427071740092,-0.012569240704,0.0472063678127,0.0961499321175,-0.0174030915915,-0.063078238476,0.0736688042847,0.0797218203566,0.0343820623124,-0.0828634851243,0.0334074761072
BCR-ABL,-0.0156385942874,-0.0108292989937,-0.00405923533012,-0.0254137477821,0.037722605039,-0.00822814391424,-0.013057051454,-0.0249556491564,0.00478627618146,-0.0324472328572,-0.0208114418094
CDK1,-0.100272348264,-0.0147790102384,0.0329275381765,0.106407618932,0.0392471738995,0.00387068224342,0.000498177638829,-0.012104176793,-0.0313510634121,0.0382182074937,0.0341202279585
CDK2,-0.173074204092,-0.023563012581,0.113631063894,0.116607047557,0.133360021249,-0.0918528642744,-0.0183707464868,-0.0305236978708,-0.149855648355,0.0540605542188,-0.0631525500452
CDK5,0.00689298073095,0.00105443960246,0.0705604022366,0.0704671758394,0.0130734710771,-0.00786522716041,-0.00601000456975,0.0226022907455,-0.0429435718155,-0.000917842840076,-0.0155247137503
CDK7,-0.0572261925481,-0.0543026536383,0.0143285859582,0.0534206267282,0.0330915128279,-0.0200944782779,0.00916797250508,-0.0771517462387,-0.0486008246997,0.0700972989528,0.0665882538144
CDK9,0.0088474053452,-0.00657185700912,-0.00880299708254,0.0054790789919,-0.0610242585931,-0.0342625015947,-0.0118184242658,-0.0145203393636,0.0063276922304,-0.00243731105513,-0.0585479790504
PKC,-0.0491745435826,0.033011697053,-0.0828061976605,0.000539209609749,-0.0971367195482,0.0121919183302,0.037050783128,0.106063597704,0.0769720696657,-0.0673082183647,0.0351941242205
CDK4,0.0189854854495,-0.0176236844852,0.0582202361768,-0.00311263335719,-0.0919283702901,-0.0133982452311,0.0274989025379,0.101468330147,0.0468852201822,-0.0543666284835,0.0182771796393
LCK,0.00743389285242,0.000289107303337,0.0565571525047,-0.0298102585463,0.0259424216846,-0.0362556937662,0.00507575217253,0.0470616544984,-0.115493793227,-0.0529544599001,-0.0832549924007
FYN,-0.0207355296018,-0.0328382004873,0.0246974877704,-0.00766877645475,0.0851408345128,-0.0729371226169,0.0550920094927,0.00626084932862,-0.028146724858,-0.0570405741544,-0.00995244094789
BMX,0.0557175596698,-0.017614661557,0.0552789903021,-0.0192978096214,-0.0695082123436,-0.0134164356557,0.0424910687163,0.0310287250184,-0.028228841433,-0.00124660140448,0.0250225987578
PLK1,0.0935404650065,-0.0446860988447,-0.0579259539401,-0.0688204655477,0.0186966034271,-0.0501477508976,-0.0308431472079,0.0631115849901,0.0415297653451,-0.0714737490303,-0.1138443252
PLK2,0.0962175634365,-0.069012028425,-0.00396634359022,-0.102888120928,0.014100101332,-0.0484653485065,0.0244050483709,0.0317358100287,-0.000553413741895,0.00613234005759,-0.00020206707382
PLK3,0.00762763632871,0.00931998996708,-0.0960430173132,0.0261904665211,0.0726753159326,-0.016574862852,-0.000989275642509,-0.142541909212,-0.0452476213421,0.0238194830194,-0.0620592769106
IGF1R,-0.0485123640941,-0.0196161511073,-0.0655861949951,-0.00361824755087,0.115902746625,-0.0287196446181,0.0103372291534,-0.0463446488444,-0.0491387438451,-0.0176665674107,0.0407283240114
IR,0.100557349804,0.0100803038019,-0.0250772754697,-0.0702682504244,-0.0258917836759,0.00352868121192,0.0174346748664,0.0351701479503,0.00391154745367,-0.045911932027,0.0280005347049
ITK,0.0102245881797,0.00723604895239,0.00138493295914,-0.0322962476921,-0.0102196320058,-0.0163641041932,-0.0225417879193,0.0605921029589,-0.0168852017004,-0.0407457754542,-0.0471881427188
RSK2,-0.140354708822,0.0877179502397,0.0036130439006,0.127282442369,0.090914381453,0.00967220313438,-0.0610323290805,-0.0428215547308,-0.0447460797354,-0.0521303358816,-0.0406211120173
Dihydrofolate reductase (DHFR),-0.0215371690316,0.0909303523297,0.00691097034313,0.0801191762381,0.0548599681476,0.0120779450678,0.0227733931543,-0.0866293108564,-0.0838641283766,-0.0353129225069,-0.00210139693379
MTOR,0.0294408908013,-0.0520574506264,-0.0374773798152,-0.0970128717553,-0.101688562701,-0.00535564391119,0.108325886509,0.162211871594,0.0627105112142,-0.0325415741045,0.0730318415743
AKT1,0.0726261259847,-0.0353548927833,0.00880429962543,-0.127264668973,0.110914853857,0.0363331828385,0.0246486384474,-0.100889359908,-0.0859737455508,0.0370988919977,0.00539972364933
AKT2,-0.0394550437659,0.0211201275384,0.0257448562135,-0.00800580635999,-0.0345442964293,0.0315511771892,0.00560962917557,0.0676244682304,-0.0249837088228,-0.0295434365981,-0.0258714174124
AKT3,-0.0208688838838,-0.0433999157392,0.0597065392093,0.0435998885741,0.00540275480932,-0.0669495373921,-0.0147004623461,0.0465694140662,-0.0276317303126,-0.0476917783911,-0.0398468773316
HDAC1,0.11167294967,0.110463936758,-0.162693017272,-0.0913889601133,0.105446474812,-0.0264968061191,-0.0374384785795,-0.137481224315,-0.00767624875566,-0.0158021165635,-0.0230581412444
HDAC3,0.0932855323256,-0.017221160574,0.0143272706792,-0.106105771913,0.0950182304706,-0.0501613425098,0.0475947966183,-0.0270130682128,-0.102941553496,-0.0303587744489,-0.0418863873098
IKK,-0.0540404145731,0.0441771653357,-0.00590598632685,0.0036417224467,0.0695521913019,-0.0105170868161,-0.0122528025212,-0.0491146652098,-0.0193878598409,-0.00441847316839,-0.0225085487674
PI3Kbeta,0.109284985974,-0.086410649995,0.0789930024792,-0.188074663062,-0.263189241821,-0.00636028948519,0.0876618149263,0.236905745845,0.150092151029,-0.0251842375024,-0.0305106509345
ERK5,-0.0120899691584,0.046798963309,0.0347286723967,0.0659403648558,-0.0929825687329,0.0295462338757,0.0158916274792,0.0136499277783,0.0201624421302,0.00569361379165,0.0118298022082
BET,-0.0749244130339,0.0302769097531,0.0184348229867,0.0544652687269,0.0212685740187,0.000785474595458,0.00898075647756,-0.00690125765276,0.0264093420712,-0.0122271265149,0.0572170819206
EIF2A,0.0493057242288,0.0038978632852,-0.0432185906195,-0.082265416721,0.0604491143376,0.0105472691777,-0.0426505295028,-0.0628590090749,-0.0448211486092,0.00997313297851,-0.105287467481
ERBB2,0.0376901947636,-0.129579405683,-0.00887294086861,-0.191998319749,0.119470972932,-0.012877963692,-0.0661688597884,-0.0167535189819,0.0102174039126,7.85722692903e-05,0.036274473098
ROCK1,-0.0653387501403,0.0407452554365,-0.0751556667982,-0.0086951269498,0.0334771762983,-0.0268311861927,0.00877268542029,-0.0150603258237,-0.0143264022124,-0.06044739068,-0.0640448299032
ROCK2,-0.032879860485,-0.00349498020022,-0.0110004791653,-0.000608366285983,0.013348525158,-0.00154346573597,0.0157021606828,-0.0309394042961,-0.0721312623821,0.0372457329081,-0.015345084914
Anthracycline,-0.159006789885,-0.0257368672309,0.0180785397299,0.144968562325,-0.0994829742823,0.0734867368709,-0.0422360923234,0.207785581452,0.0625581024931,-0.0136889954527,0.000319190889169
TOP2,-0.12675613243,-0.0764367583355,-0.00202551315059,0.0648581562312,-0.286320659957,0.132473651372,-0.0944024485947,0.321597443995,0.159473362269,0.0519982377497,-0.104228057982
Pyrimidine antimetabolite,0.245254098517,-0.0713680566753,-0.0537408034955,0.0069446721744,-0.166855396319,0.213085608294,-0.0315660197783,0.18006169614,0.0775263191994,-0.0242797616674,-0.0398278033499
DNA crosslinker,-0.155478332735,0.00780541708285,-0.0254320189628,0.141639715804,0.0359359570754,0.101497983113,-0.119924613568,0.0853348000076,0.0387303517311,-0.0144426241342,-0.0611939496697
Microtubule destabiliser,-0.244473794861,-0.0403441274011,0.011957861787,0.203761597364,-0.0650567078443,0.0463969308303,0.0256987225161,0.120011393981,0.0988354861675,-0.00113534610219,0.0391239958815
SHP-1 (PTPN6),0.0150073064729,0.0294083509543,-0.0301400571862,-0.0146584299196,0.0640659864307,0.0143391214887,-0.0482238765648,-0.0754956315012,-0.0122959662249,0.00902463060418,-0.0308380729987
SHP-2 (PTPN11),-0.0072306428636,0.0366358544302,-0.034181622288,-0.0140628904052,0.0612042163444,-0.026243925107,-0.0395715680295,-0.0660222845107,0.00438127505452,-0.0133750929361,-0.0263267237882
AR,0.00600404754402,0.0380527659493,-0.0266556700214,-0.021026695743,0.0491543520243,0.0252653599125,-0.0653363586651,-0.0474728262556,0.0280077778097,-0.00783873725604,-0.0355150165705
ARFGAP1,0.0400257409822,0.058764446957,-0.0334633690125,0.0134530289604,0.0630064525571,0.0395152200677,-0.0149094886472,-0.0401658672508,-0.0123077098194,-0.0213774613999,-0.089325428416
ATM,0.0876621522497,-0.0287006314474,0.0085139475581,-0.0704673620352,-0.0361217486958,-0.0246281129615,0.0303622212552,0.0341993895817,0.0224874788747,-0.0077834981529,0.0315423502202
PPK,-0.0204242377226,-0.0310924288885,0.0146546699427,-0.0211052226575,-0.0177670040055,-0.00791030636238,-0.0104272002101,0.0399164345741,0.027864208608,0.0131944881853,-0.0142980566344
FLT1,0.00233453680476,-0.0300897074737,0.0180205916543,-0.0102743022206,-0.0184188276381,-0.00778534174303,0.0217406546004,0.0266611176244,0.0188295567348,-0.00577637298232,-0.00863252947018
c-FGR,-0.0224360908273,-0.027370529628,0.00682150279287,-0.000594117689746,0.00879961013543,-0.00634324133531,-0.00244314356715,0.00939880778077,0.0125584491411,0.0185884615146,-0.0201160943082
GSK3A,-0.074173429258,0.0526541883246,0.00238577176313,0.076362301675,0.037279864635,-0.0305101428406,-0.00354320860432,-0.0436287771369,0.0240204482206,-0.0162354718288,0.0111899255573
GSK3B,-0.0491882941967,0.0234621146397,0.0193559372598,0.0310665010376,0.0399068156905,-0.00539119041521,-0.0282367966666,-0.00742916410727,0.00919749841799,-0.00787339222541,-0.0426680994215
PDGFRA,0.0621254722432,0.0488211550602,-0.061325744018,-0.0679571251529,-0.0198764776628,-0.0173006693055,-0.0266039678313,-0.0339160111039,-0.00351279998691,-0.0200737257569,-0.0882076215462
VEGFR2,-0.0594755982476,0.0658483209614,0.0271190545723,0.0821291516175,-0.0820687053822,0.0396248940673,-0.0214910937146,0.0505737002197,0.0380159378957,-0.0337425520192,-0.0294418805414
FGFR1,-0.0461269764516,0.0620650813157,0.0432162343532,0.0760379644185,-0.049905158841,0.0100433350947,-0.00896614608195,-0.0139180663198,0.0290699817567,-0.0115427288127,-0.0166667805691
TIE2,0.0464802012159,0.0752807627027,-0.00582379833351,0.0315542703377,-0.0838063466665,0.0340152334139,-0.00123993598163,0.0350812192155,-0.00123102925777,-0.0151663255215,-0.0556460047886
JNK2,-0.0448336579376,-0.00479442093861,-0.0253453178056,0.0243853256218,0.101263991558,-0.00574082743499,-0.0133751316101,-0.0638143572526,-0.0438467952518,0.0154145926656,-0.0176235298919
JNK3,-0.0234737723178,0.0168145534006,-0.00644323295979,0.00742432102398,-0.11683223715,0.0191462701902,-0.0105259683496,0.113562899794,0.0509038534218,-0.00118548864385,0.0105182623738
FAK,-0.0454343269978,0.0649973805202,-0.00421188864712,0.0615906010119,0.0199965504275,-0.0149420893955,-0.0308550925989,-0.00987573390348,0.00986776181181,-0.0139323579025,-0.056914754575
FAK2,-0.00791089594863,0.0413128602977,-0.0196369880901,0.00882463226174,-0.000481923053111,0.0083276238558,-0.0065838343788,0.00830753992154,0.0106165854677,-0.00120024536648,-0.01486708478
BRD2,0.0428691690157,0.000917367617621,-0.0279095878877,-0.0265553718083,0.00542274134834,0.0246428880226,-0.00997279889373,-0.0417955833717,0.00192259265403,0.0280912198642,-0.0277741334906
BRD3,0.0428744526841,0.0449716531402,-0.0422423924384,-0.0169740341236,0.0517709184518,0.0375856404504,-0.0186932026611,-0.108702179801,-0.0430573984083,0.02036899518,-0.0138916882232
BRD4,0.0690908433964,0.162752274177,-0.0258962970425,-0.0317986096237,0.0371269195996,0.0149463634052,0.0188045745635,-0.0958961045483,-0.0470854493392,-0.0436777800512,0.0277118258634
BRDT,0.00706300830763,0.00493631573898,0.0113558202244,-0.0265570921688,-0.0482471314536,-0.00951193137356,-0.0438575957025,0.0822012983788,0.0770029847232,-0.0313946768634,-0.0286228940179
HDAC2,0.177114526701,0.0365851329906,-0.0624980822858,-0.198051367172,0.161027355631,-0.00569021757583,-0.0420107086107,-0.107434919148,-0.0462422339798,0.00173068428723,-0.065942721238
HIF-PH,0.425031965926,-0.0808955687931,-0.0198580605667,-0.40676556425,-0.00501557116731,-0.0310113139739,0.0298713760121,-0.0480602847969,-0.0380454938355,0.0500315789032,0.112216235668
Farnesyl-transferase (FNTA),-0.00219338730437,0.0758584598811,-0.0496619436248,0.0520714122266,0.142700920061,-0.0151447377695,-0.0315014975355,-0.121162571357,-0.0239596525283,0.0111350619746,-0.0786704583422
PDK1 (PDPK1),-0.0429261416572,-0.0116516008444,-0.00261599877786,-0.00290852067582,0.0218648943727,-0.0252685326153,-0.0300345098433,-0.0034828614239,-0.0104198001918,0.0380887034952,-0.0597239594079
not defined,-0.0854998231478,0.0280950176355,0.0724792833289,0.0878289285102,-0.0260773573343,0.00893828914656,-0.0434481298459,-0.0415598193224,-0.00227641914654,0.0494707645712,0.0283297042675
XIAP,-0.0680994445459,0.070394651962,-0.0168438443272,0.042768142272,0.184416796738,-0.025106020342,-0.0607734807323,-0.147011746477,-0.020134862947,0.0113930246338,-0.0630380926611
PPARgamma,0.0107008729473,0.0390649884735,-0.0803812493286,-0.0373339052907,0.0323067116935,-0.0563886606701,-0.0474900731082,-0.0398803207299,0.0455737419161,-0.0165489019993,-0.0487173663865
PPARdelta,0.0175026048061,0.00834160745016,-0.0489673057632,-0.0374977364771,0.0534102262206,-0.0425865600207,-0.0342813499166,-0.0499496880009,0.049490210671,-0.0177969546264,-0.0267667343217
Procaspase-3,-0.157975818245,0.0838521901375,0.0707084886708,0.147471232736,0.0800388119037,0.0154071956866,-0.00730690991705,-0.0655294431519,-0.0701074822124,-0.0410181905816,0.0186306040779
Procaspase-7,-0.129856391597,0.058801789906,0.0799274076442,0.106606459165,0.0326426839243,0.0309093321399,-0.0235337180365,-0.0151048603567,-0.0319703713296,-0.0396218668671,-0.0270267507162
PAK1,-0.216403834987,0.216427838974,0.0529961706424,0.302136779789,0.261847158867,-0.0545531741743,-0.0475581951953,-0.22384819934,-0.0882261000897,-0.0352227547371,-0.131374083911
SGK2,0.0256678743146,-0.0046391868844,-0.0137910604059,0.0109527255342,0.0509583891293,0.0215270691708,-0.0249881888995,-0.0257375633757,0.022181080036,0.00384644828072,-0.0585400168483
SGK3,-0.0379595461682,0.0361709366547,-0.00624966531409,0.0730314089193,0.0490395277893,0.0297373428372,-0.0407055487292,-0.0135828782452,0.0244310462657,-0.0214660273992,-0.0838961507417
SYK,-0.0487065939992,0.0393820206895,0.0355442735754,0.141301576327,0.0757617837842,-0.0339308238921,0.0120925460008,-0.0394663656603,-0.0435022859078,-0.0199599790088,-0.0226781698482
Antimetabolite (DNA & RNA),-0.114741701541,0.0626904762454,-0.0066207092971,0.153316090651,0.0992758733845,-0.0578792417975,-0.00380321661255,-0.0757302572808,-0.0976069260554,0.0214522348544,-0.0378725481529
SERCA,-0.203802294823,0.0691989025127,-0.0504354109164,0.268942438426,-0.00698842816354,-0.0329111292859,0.0343064144045,0.0403784225374,0.0693454373043,0.0226811516232,-0.0473128531649
BCL2,-0.0286481222379,0.0316303058086,-0.0518952320598,-0.0436817029205,0.093786453629,0.0197797722469,-0.0734858531945,-0.0697805077221,0.0386333463994,-0.0219637578433,-0.0402686824072
BCL-XL,0.010120309002,0.0719992420094,-0.0468964523721,-0.0109491733489,0.025708145517,0.0556440611291,-0.055164020746,-0.0780868148237,0.0410124779036,0.00212118502851,-0.00734373962718
BCL-W,-0.0270180483876,0.0182680426085,-0.0011688343381,-0.0594632729664,0.270330688132,-0.0402485647246,-0.0892226476429,-0.160504817868,-0.00590481965778,0.00312992726865,-0.0904242566749
MCL1,-0.117937267173,0.0109987661677,0.0355680074035,0.118962879159,-0.0419076334647,-0.0413395856211,0.067394563677,0.0920347167852,-0.0253350817602,-0.0387552842739,-0.0175068595691
Retinioic X receptor (RXR) agonist,0.102060241447,-0.0160994306858,-0.0683099792522,-0.153917318632,0.0792646252886,-0.0710088377207,-0.0541944788013,0.00416410615259,0.0410847410452,-0.0125365988824,-0.0851120506273
dsDNA break induction,-0.499198499137,-0.0313471918664,0.0466375362087,0.480239060233,-0.400699542357,-0.000327734351925,0.0504268807604,0.538041377458,0.190629507174,-0.0706242198848,-0.000661535926064
BTK,0.0184150938719,-0.00644997886021,0.0539610471832,-0.0527186572103,0.0719158385576,-0.0208839015969,-0.0758081969387,-0.0246023856591,-0.0753297114699,0.0573486481445,-0.0350613948059
HSP90,-0.093578370233,0.00382793168394,-0.0337912354312,0.196916112781,-0.102734962394,0.0337545887514,0.15620890099,0.154817210023,-0.00995999077045,-0.0475764860174,0.043115231055
Biguanide agent,0.0821526316762,-0.0352465615968,-0.205104972281,-0.0633831732525,0.0195730897531,-0.0218932391427,-0.00483763051346,-0.105284667592,0.078529187042,0.0455765010306,0.00544103150521
PDGFRB,-0.100692222496,0.0491293925596,0.0473849256811,0.102436748182,0.0710658380458,0.00642568770761,-0.0356311802598,-0.03509643499,-0.0543722484886,-0.0406623361181,0.00280863449902
IKK1,-0.075496981102,-0.00270921747594,0.0232018593596,0.0408413398483,0.133442574712,-0.0420310039874,-0.0318770575967,-0.0830920800425,-0.0793370930475,0.021400330891,-0.0148454292079
IKK2,0.0561703308752,-0.026774596766,0.0464274390418,0.00629265751171,-0.0308151173276,0.00522379120957,0.0607417508752,-0.0428371127107,-0.0577139962134,0.000406267394801,0.0821827170187
Amyloid beta20,0.0514252590785,0.015752364495,-0.00248130824303,-0.0469902060995,0.00537915155207,-0.0102711243963,6.79343321038e-05,0.00408553245929,0.00438057553083,-0.0424742230234,0.0109217956714
Amyloid beta40,0.0570754440812,0.00360696155147,-0.0205202544133,-0.0324336217738,0.0233047056458,-0.00668824531386,-0.0195469703549,-0.0199286307147,-0.00474614158736,-0.0158586962169,-0.0155907121356
JAK1,0.0159030957922,-0.0308887939076,-0.0171469408454,-0.0178314248969,-0.0139328690277,0.0126743208464,-0.0216874491371,0.000248779152826,0.0182075252829,0.0104954013338,-0.0111480823797
JAK2,0.00770966171383,0.0267592650846,0.0568724697568,0.0329042817496,0.0178047119649,-0.0234867274621,0.0335443212997,-0.0372883416571,-0.0611101326452,-0.0270318941629,0.0203184630831
JNK1,-0.103134855121,0.0291258633376,0.000174133476908,0.0359421293092,0.158366025393,-0.0275515145961,-0.0559375770859,-0.0721563130817,-0.0106056135774,-0.0297620129336,-0.0638958378814
KSP,-0.0945476359997,-0.0141317580765,-0.0188253563723,0.101535719129,0.168647184232,-0.043476909613,-0.0204690863113,-0.116734306735,-0.0807549472184,0.0393549653249,-0.0442668111902
CDK6,0.0837085718904,-0.0449723637188,0.0137769342589,-0.0171329650237,-0.0574437211202,-0.0280455168548,0.087605941676,0.0459804971119,0.00461365256216,0.00745776518481,0.0803555702144
p38alpha,-0.0263700069292,-0.0429448342956,-0.0191583372686,-0.00872235271521,0.0853839593135,-0.0553124750524,-0.0396434130954,-0.0632494085345,0.00296640275684,-0.00735610959133,-0.0125858624938
p38beta,0.0195435843,-0.0898360093696,-0.0169879993357,-0.0956838388451,0.109351880763,-0.0410576277685,-0.047496081885,-0.0813297394392,0.0135718700898,0.0180390370911,0.0131112302111
PI3K (class 1),0.103366803743,-0.0701060033048,0.11266026728,-0.191480807371,-0.065781769606,-0.0139688690965,0.089731890901,0.17352671216,-0.0902535202196,-0.00380056392147,0.0601824601614
PI3Kgamma,0.0513014442625,-0.00196194011302,0.0274103560644,-0.000645650257865,-0.0254935331013,-0.0207696050501,0.0577976082706,0.0387681560558,-0.0883644007051,-0.0360226833705,0.0515425156868
PKCB,-0.0671803276118,-0.0342274582575,0.0911653510443,0.229531061203,0.0800756320307,-0.0389784832318,0.120126570477,-0.077885097259,-0.0899188943652,-0.0251233141197,0.0903315525868
RSK,-0.0326235333706,0.0295547415801,0.0387764672645,0.0771730258461,0.0423681835307,0.00724854361243,-0.043504747551,-0.0648062705229,0.00996247958085,-0.0154383534165,-0.00379780222733
PI3Kdelta,0.109297090468,-0.0626968372409,0.0649464273744,-0.120052186302,-0.0347476010625,-0.0247118571706,0.0199697660542,-0.00370790732234,0.00543998924727,0.00933394046777,-0.0378761269136
G9a and GLP methyltransferases,-0.213725473312,0.174390505052,0.114530090447,0.278335385083,0.0111671612243,0.0268134254154,0.0229728754621,-0.0612951164989,-0.0201754030049,-0.0694252375726,0.0665450789511
FLT4,0.112870042007,-0.00437439637177,-0.0116314795659,-0.0716594728754,-0.0425271628128,0.011805723337,0.0404382383867,-0.0127320159188,0.0156578709595,0.0167100110486,0.00704523594317
AXL,0.0919209837409,-0.0174925654194,0.00622378066399,-0.0372079211198,-0.0773156809221,0.0182314377169,0.0247917013125,0.057118349388,0.0241024927189,-0.0079318288561,0.0309970177165
NTRK2,-0.0459755863238,0.0177169525881,0.0496213949953,0.0782536083887,-0.00547427842602,-0.0260963739399,0.025566059926,0.0237732588934,0.00750442748592,-0.0412348485501,0.022682517755
IRAK1,-0.0516658422682,-0.00744879881313,0.0239900194328,0.0590247706128,0.0460482555971,-0.00527971073783,-0.0364318385311,-0.0459697297317,-0.0640900171272,0.0665051884097,-0.00304770706058
LTK,0.0590717404547,0.0862066840282,-0.0521462449362,-0.0296611555705,-0.0230314591273,0.0180978999883,-0.0195507875027,-0.0217396653137,0.025304674505,-0.0277268266605,-0.0471654669627
Autophagy inducer,-0.0262189378476,0.0317318695707,0.00805765805322,-0.00328738689776,0.0401933036299,-0.0385811676743,-0.034383335689,-0.0662196375725,-0.00533682145373,-0.0147605149765,-0.0406042137531
TAK1,-0.207041891269,0.0730368529279,0.0395908212367,0.248324992719,-0.0318065348338,-0.00405407503075,0.0498955090747,0.0223415649523,-0.00883100444648,0.00743803114933,0.000358314792444
MAP4K2,0.028987277068,-0.114647641972,0.0202563678558,-0.0771491725056,-0.104593496274,0.021154498149,0.00957422802818,0.0762602132377,-0.0183393167198,0.0516890566217,0.0131774025474
TAK,0.0376978802272,-0.0144332518577,0.00203067613475,0.00198790848913,-0.074575444387,0.00710740318949,0.0619729893807,0.00150949607757,-0.0358601942176,0.0329173088361,-0.00890957035481
ERK2,0.210143273321,0.00618279683435,-0.0923976444204,-0.0204869220927,-0.00945695524006,0.0449408378156,0.0644272475542,-0.150436839832,0.00244151947221,0.0734749511548,0.0705518872126
ERK1,-0.0931068047979,-0.0770983636509,0.0511196395643,-0.0594917291704,0.0820004449553,-0.0362842607533,-0.07399846826,0.0184619854063,-0.0122589625756,-0.0060474556135,-0.0114474118566
HDAC6,0.0122602176009,-0.0691667563334,0.0295848852404,0.00446182256457,-0.0691035599169,-0.00827441246636,0.0316683222964,0.0232391733842,0.0255624550241,0.0562348733683,0.0314166620124
HDAC8,-0.0395550523005,0.0224828740279,0.0417607861474,0.0466086040295,0.0515023256659,-0.0155975095,-0.042097985072,-0.0737978726422,-0.0378006403975,0.00217012856867,-0.0414605822284
Endothelin-1 receptor (EDNRA),-0.0373084633446,0.0118880010508,-0.005446401363,-0.016201915413,0.0871033479476,0.00826297593334,-0.0791891977398,-0.0762151903424,-0.015621031559,0.0272896465712,-0.082146964754
BIRC5,-0.105078593846,-0.0561954975152,0.0205336060247,0.14809911052,-0.233416580854,0.000689299459727,0.054462329079,0.258679123399,0.128823089132,0.142160657454,0.0907966561067
MDM4,0.0449453427275,-0.0898896420502,-0.0190804736082,-0.112116993581,-0.00820102243135,0.00480314565231,-0.0459098345534,0.0128425302281,0.00997123127221,0.105933328024,-0.0378218414752
HDAC,-0.00214020270581,0.00705078827292,-0.00306774740174,-0.0144435575933,0.0704454867324,0.00819328890854,-0.0208287849784,-0.051089629633,-0.0285191103886,0.00127737195677,-0.0277787641254
RAR,0.0439426642135,-0.0270966009877,-0.00838765692959,-0.0959954658341,0.0598450229555,-0.00859301921093,-0.0225115701906,-0.0539568816979,-0.00300901570188,0.0243581584647,0.00465702135292
HDAC1-10,-0.0107827317876,0.253499057839,-0.141131236199,0.20407208077,-0.1846991617,0.0462060061975,-0.0268959129344,-0.0239536112706,0.0457480135974,0.00728024267374,-0.119346919066
VEGFR1,-0.00961085029039,-0.0231721650239,0.014183187856,-0.0371466780449,0.0143065299826,-0.000251784470931,-0.0134645358327,0.011899633351,-0.0376933457522,0.0107378917702,-0.00787787329969
VEGFR3,-0.0295401300129,-0.0313281888933,0.0243220694728,-0.0222295123467,0.0822606259276,-0.00791814737093,-0.0274084948082,-0.0556786533477,-0.0133272786232,0.0283363638558,0.0146490485816
MEK5,0.0489025606392,-0.0153675067787,0.0333967766908,-0.0102644007874,-0.0557050099396,0.00141472973172,0.0127773927572,0.011208020069,0.000382041702676,0.0102110454837,-0.030925956242
MTORC2,0.0963015477337,-0.00488252983722,0.0115044415702,-0.0635292450302,-0.0732021488203,0.000450326622436,0.0143783054202,0.0472924854256,-0.0278888984226,0.0546518918085,-0.0122152151721
Angiopoietin-1 receptor,-0.0250650006296,-0.00499295161268,-0.00332161630664,-0.0182392103733,0.0633357168457,-0.0177517361982,-0.0580496665563,-0.0630948897078,-0.0219105100985,0.017649553634,-0.0821726160525
JAK3,0.220877338828,-0.199264537983,0.0262459973921,-0.278040584018,-0.0263654644047,-0.0384686906123,0.0704855130338,0.0338399332278,0.0440712971564,-0.0101460981808,0.126487638894
IKKB,0.0526297310887,-0.00237903903714,0.0135378833728,-0.0123157700156,-0.018113928138,0.00826695008198,0.0284438678893,-0.0585544041201,-0.0293991185748,0.0263016176622,-0.00435617381469
MAP3K8,0.0778622621827,-0.0254832491621,0.0340753770191,-0.0403250272882,0.0363559921891,-0.00945406646111,0.0351745469132,-0.0536128038944,-0.0349133693623,-0.00907300972531,0.0219690344385
MPS1,0.040986813686,-0.0133659675358,-0.0600515030719,0.0168323849721,0.034738156462,-0.0031115649117,0.0437003999213,-0.0795157364614,-0.0844337404776,0.044204286691,0.0399485709567
EPHB4,0.0822884614112,0.0226810997632,-0.0183163072958,0.0775608161568,-0.0819211305163,0.0277919351495,0.100631418894,-0.0836348411477,-0.00629196529258,0.0270717630816,0.0490649866234
RNA Polymerase 1,-0.0144778205687,-0.0107133078901,0.0411004351179,0.117427026372,-0.048375443372,-0.0478641634956,0.0868268899756,0.0478568097797,-0.0781526380204,0.0543477900351,-0.0108680330126
PI3Kalpha,0.16194112494,-0.0553014616798,0.0457464492211,-0.124678969667,-0.0809158188989,-0.0463856270174,0.0518267480779,0.081941519371,-0.034602276011,0.00564427186785,-0.00414873763373
DAPK3,0.0599692334649,-0.0332730623742,0.0631886205005,-0.0243974183802,-0.00749170078139,-0.0531067172872,0.0264387062563,0.0320094139739,-0.0561413192073,0.0103282572983,-0.0203110826674
CLK4,0.123262874345,-0.0328263332847,0.0517235699504,-0.0772474571157,0.0057612912775,-0.0405267760231,0.0409903271125,-0.00331862658631,-0.0636233226047,0.0175032546273,-0.0156744519128
PIM3,0.0792960218523,-0.0112737974238,0.0431145225935,-0.0624069150211,0.0285317036423,-0.0457017253741,-0.00237533012289,-0.0118459707378,-0.0441307215051,0.00462941847586,-0.0250044909993
HIPK2,0.10973388791,-0.044557604419,0.0497345468206,-0.0822996673002,-0.0525293746847,-0.0335976913315,0.0447206430039,0.0742948739426,-0.0473699641358,0.00595637432446,-0.00848135546783
ALK5,0.110763479634,0.0444526687096,-0.036296529498,-0.0266163410829,-0.00700544303686,0.00189757700687,0.0318048221525,-0.0908050608508,-0.0359142931942,-0.0389042891096,0.0291257350007
TNKS1,0.0951571318644,-0.00136316027614,-0.0425986780389,-0.103551487165,-0.0941554957961,0.0113049867303,0.0377306048276,0.0653937967777,0.0114636124802,-0.0279907580851,0.0137931659781
TNKS2,0.0456171398762,-0.00426602442239,-0.0254386656299,-0.032609288342,-0.0214060576266,0.0240785954293,0.0296462101394,0.0109445680379,0.00851716353673,0.00540845977138,0.00586362520259
ROCK,-0.0866210248083,0.039788706247,0.00475649995271,0.0899966062618,0.0878523768367,-0.0208178728155,0.0178980448852,-0.0979488068727,-0.112159806182,0.0395021027154,-0.046198320709
PYKFYVE,0.0433840248268,0.0321791857997,-0.00642201082272,-0.00646725403254,-0.0471058126722,0.0212465044355,0.076149770611,-0.0526944715,-0.10678941584,-0.0109205074811,0.0472714044771
DDR1,0.0294940470519,-0.0438058554786,0.0117222077105,-0.0154268493139,-0.031105774767,0.0302278422254,-0.0407548507782,0.0214698660025,-0.0141278662074,0.0440962224518,-0.0675334492067
RIPK1,-0.0628216627048,0.0635983009598,-0.00549454674324,0.0634547215336,0.158082157684,-0.0216644651953,-0.104115391436,-0.130129742162,-0.0637902324101,0.0100053378625,-0.100815797605
CAMK2,-0.00987768366811,-0.00848397475018,0.013340782956,0.00548775709479,0.027181015333,-0.0175180843785,-0.0318180860057,-0.00724634707944,-0.0212236971318,0.0221794940108,-0.0283791306018
LXR,-0.0549938673933,0.0472365978024,-0.0248443964092,0.0430689074805,0.0297924330668,-0.00684646711065,-0.0535548040976,-0.0462276063053,0.0037813963049,-0.0366982023265,-0.0434865485044
FXR,0.0253289784676,0.0225680586315,-0.0134422469692,-0.0155800898742,0.0284624365937,-0.00842883762161,-0.0255145959813,-0.0282920434935,-0.0421115653823,-0.0109766533558,-0.0147323040808
SIRT1,0.0226926511394,0.0211108554143,-0.0225910276637,-0.0329225998075,0.0289894700312,-0.00197300562646,-0.0228546937509,-0.0522393593204,0.0126672129333,0.00463365457289,-0.0422755630731
AMPK agonist,0.000641582501724,0.0223912932262,0.0409582681254,-0.0379777390766,0.281803542382,-0.0492707742295,-0.103399974094,-0.21164162849,0.0100748853615,-0.034083654228,-0.107963070905
TOP1,-0.050665410075,-0.0573152323349,-0.0197907684045,0.100650514976,-0.352582407203,0.144125550202,-0.0625919770544,0.3355826274,0.296763218378,0.00645711686571,0.115065267648
Antimetabolite,-0.185927355692,0.0483546945944,0.0332078052376,0.157268010719,-0.0326665328864,0.0215696778686,0.0234599329556,0.107070206147,-0.0145091714505,-0.0879109396794,0.0625015633474
Retinoic acid,0.106970906497,-0.083411438728,-0.0513237058806,-0.178746196047,0.0371192014148,-0.0109473759537,-0.0299579504299,-0.0136060957742,0.0709292570002,0.0602515574041,0.0552015705151
HDAC inhibitor Class I,-0.047013923729,0.0459608750852,-0.0401934248278,-0.018361968204,0.0387939409698,-0.000117023535363,-0.0391822724613,-0.0463530245922,0.0508229759864,-0.00566746072609,0.0111032045422
IIa,-0.040012879977,0.00994714668499,-0.0241786713747,0.013077344607,0.0322086919523,0.0221418040117,-0.0298134951804,-0.0203155686816,0.059813776612,-0.00399452116286,0.00219987892882
IIb,-0.0538229401148,0.0460373991871,-0.036481418338,0.0117579911104,0.0301003709462,-0.000917669952315,-0.0237323626384,0.0157837281637,0.0417966769893,-0.0478960940236,0.00747805992522
IV,-0.0333982529455,0.0291482327567,-0.0405676882242,-0.0232487689209,0.0453064193452,0.0211637746937,-0.023468049258,-0.0210905979863,0.0446503437405,-0.00722331729177,0.00476242537506
MEK1,0.316414642964,0.0493415255348,0.0268986274486,-0.0136986809729,0.00188464101239,0.0446905285178,0.205962232778,-0.134647074717,0.0502555331194,0.0281483345389,0.303463440228
MEK2,0.0924271092545,0.202074898681,-0.0275866120358,0.199521355525,-0.0195633151234,0.0361318062047,0.111858918524,-0.0696728817174,0.0764717263296,-0.0713790195913,0.205505344944
PARP1,-0.0602332508651,0.040737154823,-0.0143746241622,0.03717114851,-0.0585573879654,0.0146620623649,-0.0244438444497,0.0691488765843,0.0420345185257,-0.0474503144332,-0.00610617663084
PARP2,0.0421301971894,-0.0165739697654,0.0263433599613,-0.044365396577,-0.085080021886,-0.00115306061495,0.0118265154308,0.0535852395145,0.0901084299467,-0.0107752023692,0.0375915033241
TEC,-0.00784911029269,-0.0832077435552,-0.0306115014624,-0.100677579672,0.0504674169533,-0.000444280842825,0.00383690803685,-0.00893110350025,0.0293029299198,0.0371448123575,0.0677904316361
CRBN,0.071352304502,-0.0179334342895,-0.0256964145704,-0.147643057318,-0.0168804878007,0.00367669461947,-0.0364743330498,-0.00405767827313,0.0496605998677,0.0268778188926,-0.00416819836918
CHEK1,-0.173177617746,-0.0388152802872,0.0542930593684,0.128394651339,-0.0471546381905,-0.0149497047964,-0.00117637396642,0.107521949693,0.0640896353947,-0.0728050352617,0.0171853944737
CHEK2,-0.0869600935594,-0.0441228623677,0.0332430183241,0.0264018851925,0.00785381527597,0.0173546236739,0.0105742825754,0.0480755983007,-0.0115947165102,-0.00683758047279,0.0215628219198
NTRK1,-0.0924015335713,-0.0351404976511,-0.0204643530395,0.00137813907627,0.0392131663647,0.045755164704,0.0211207835061,0.001934582938,-0.0364161611431,0.0317564565541,0.0129972451625
NTRK3,-0.0521777613774,0.042408484306,-0.0115669664911,0.0638841631278,-0.012633163082,-0.0276498537312,0.0449853792251,0.0265250866786,0.0527189451116,-0.0931589168857,-0.0068442452953
p38,-0.0176447074943,0.00644963342686,-0.0150098761677,-0.0668546330221,0.00427514114465,-0.00345216376033,-0.048700761715,-0.0229564567706,0.0453653222778,0.0203021640621,0.0014227346649
TBK1,0.04331843593,-0.0145192989009,-0.0103576558577,-0.0491893821219,-0.00908127612893,0.00187629400167,0.0304551646997,0.0233699021246,0.0222162741985,-0.0040680890672,0.0362756263346
DNAPK,0.0167750913912,0.0419095182452,0.00240480019534,0.000753048454948,0.0676271608995,-0.00845924147302,0.0466992073982,-0.0315846116449,-0.018570681858,-0.0315140903309,0.0559350507573
PIM1,-0.00566345151767,0.0164887980688,0.00440019127813,-0.0147460851485,0.095737992092,-0.00129880158072,-0.0428289715557,-0.0734340484375,0.00154460314714,-0.000434670455697,-0.0128215616812
JNK,-0.0473999984611,0.00559021826264,0.0103923081479,0.0115013497225,0.028786981146,0.0218960709442,-0.0706149764859,-0.00733183118534,0.0200807537909,0.004470730654,-0.0421072233657
WEE1,-0.0486664644026,0.0142398391455,0.00589735193747,0.0687032889766,-0.0638192079333,-0.0225345103422,-0.027346008155,0.029371508293,0.100505258299,-0.0155708013509,-0.00907454828117
MDM2,-0.0501018913122,-0.0340945089602,0.0480372180944,0.00121656467799,-0.0866955452519,0.0360762031758,-0.0402637075025,0.0358081799468,0.117131072553,0.0368543474724,0.0417510067211
FGFR3,0.00489074774859,-0.0265068847427,0.0216962488552,-0.0606128716235,0.00409970481976,-0.0280982806352,0.0204611727382,-0.00889511052429,0.0208035590155,-0.00250404631371,0.0406812898467
PI3K (Class 1),-0.0901590833356,0.0644804608069,-0.0192712545306,0.091250279339,-0.0862337681256,0.0383346193297,0.0743359487832,0.0840049712526,0.0908514620172,-0.0779800534963,0.0578338742536
PPM1D,-0.00640844797822,-0.0527389967336,-0.000978263889586,-0.0750967087241,0.00263719537246,-0.00765306373798,-0.00222825459326,-0.011592132092,-0.00026784582025,0.00971088221496,0.0151837077385
RAC1,0.0790137383719,-0.0304132603202,-0.0516162696289,-0.112167014063,-0.0545792802343,-0.00718084794588,0.00439423459419,0.0226200372115,0.00324201293413,0.0260704651434,0.0207643397274
RAC2,0.031969911756,-0.0113376818556,-0.0299879741479,-0.0710084347116,-0.0444364951113,0.00192492842974,-0.0329874706009,0.014722835353,0.00198795924043,0.00347566506307,-0.0223286012239
RAC3,0.0308639123632,-0.0354013862209,-0.00515005990092,-0.0790214303146,0.00422937862159,-0.0106936874619,-0.0313458258118,-0.0342538498816,0.00224580984022,0.0276854036508,0.011390334161
S6K1,0.214908869287,-0.06267111227,-0.0948518248052,-0.23973419745,-0.112054561769,0.0266950540096,-1.05992500446e-05,0.00984049408299,0.0491047900834,0.0456577602325,0.0103781669041
LOK,-0.0559690195094,-0.0217159652122,-0.000158869128184,0.0156674184323,-0.0216338179078,0.00347246842068,0.00782173334799,0.0492595549066,0.0374158767603,-0.00402901301489,0.0330511528713
TRCB,0.00132500805469,-0.0171033358865,-0.00934426620564,-0.0413705673435,-0.00353256351714,-0.00929962444817,0.00117448869476,0.0268394608826,0.0122682847862,-0.00065921495833,0.0246248622028
ABL(T315I),-0.0265824774132,-0.0185204368108,0.0141782280564,-0.0116244492294,-0.00998482704398,0.00744151859711,-0.0267006388321,0.011624860081,0.0497838371282,0.0124788983519,0.0137372773609
ADCK4,0.0278943294911,0.130897969994,-0.0171538785515,0.0835030576037,0.0279185913162,0.035027882871,-0.0219291967473,-0.101476243052,-0.00216922946671,0.00414310573937,-0.0299042449668
BRSK2,0.0145956970201,0.0221887716677,-0.0181905854639,-0.000925332630989,-0.0186552081641,-0.000174388912676,0.032024179972,-0.0172173892627,-0.0137679950577,-0.00717679274865,0.0152791835693
MARK4,-0.0171005963406,0.0132858231653,-0.0230431832235,-0.00981056452707,-0.0180103069415,0.000881374252427,0.00331757924733,0.0182185159375,-0.00274874506049,-0.0264237578685,-0.00780436211836
PRKCD,-0.0589390720277,0.0169327760133,0.00493919014944,0.0358861096276,-0.0138964331502,0.0013745209209,0.000186735330666,0.0241067668076,-0.000146613932934,-0.0209595376684,0.00132086087422
SPRK1,-0.0505408752134,0.0328520154664,0.00773391481476,0.0503594983427,0.0679314578535,-0.00332881854961,0.0101820269209,-0.0966803444612,-0.0258567326891,-0.00211384305703,-0.0156673088948
MAPK7,-0.0390562985025,0.0608028044736,0.0200777811626,0.000893423084445,0.0832922042068,0.00329596030549,-0.0180228320423,-0.0504535827755,-0.0597272283454,-0.0233812597137,0.0079501272488
ATR,-0.0726021354141,0.0282164963165,0.0555979404037,0.0563583937061,-0.0032079479043,-0.00986726027161,0.0254395494375,0.00296847757604,0.00683939062999,0.0253575739211,0.0503869315911
ALK4,-0.135605920515,-0.0154695440505,-0.0351661354128,0.0170378212669,0.0770646353348,-0.0186779310613,-0.0729823224915,0.00829488226032,0.0310713752884,0.0178223742652,-0.0647650512688
ESR1,0.0263670387476,0.00700523675647,-0.00478719925418,-0.0826906997212,0.0313997109799,0.00978215653561,-0.0325162311748,-0.0287620381434,-0.00314254687377,0.0325477834147,-0.0152261611037
EGLN1,-0.0465467756264,0.0219686359195,0.00221361095931,0.0403764036959,-0.110239468615,0.0460153870083,0.00799771431365,0.0716511048402,0.0621365702017,-0.0108300691972,0.0525059939074
RNA helicase A,-0.211832083781,0.0890667593941,-0.0193711706981,0.206910521965,-0.0144074447157,-0.00072219198716,-0.0375524265506,0.0309688612558,0.0385650930294,-0.0736874967057,-0.0347050462015
Induces reactive oxygen species,-0.126419786016,0.0982548564621,-0.0288902984766,0.105824076542,-0.0862875115573,0.0387035758307,-0.0345193626846,0.0918680911372,0.0787222426071,-0.0493943991908,-0.013859112069
NAMPT,-0.597852740022,0.449792316872,-0.184560502416,0.532053457984,-0.264193341884,-0.111898316295,-0.0882669816568,0.22554991977,0.196327242141,-0.463875009945,-0.169556801722
TRAIL receptor agonist,0.130284842758,-0.0663208339713,0.0703882012293,-0.0348704505354,-0.000678333077263,0.113085548352,0.0391915856637,-0.0672077716171,0.0570681389564,0.12155675955,0.0802785202273
L3MBTL3,-0.0219881076293,0.0292283601483,-0.0234888330877,-0.00309153996976,0.0507326034023,0.0154405784822,-0.0449440287496,-0.0390769259835,0.0131100127016,0.0081358724084,-0.0300888701081
DOT1L,-0.0366512614069,0.0343545284423,0.00431058265195,0.028124266621,-0.00845317954162,-0.0105825220162,-0.0122902273087,-0.00143311290736,0.00137562391201,-0.0146081866375,-0.00853983426012
DNA alkylating agent,-0.0521674419097,0.0366219437334,-0.0295846192176,0.0110119253281,0.0861098994368,-0.026413625678,-0.0852827740405,-0.0768490530643,0.0304212084974,-0.0148345860034,-0.0589314572598
NAE,-0.0448191420374,-0.00170689535239,-0.0220795015555,0.0848498930815,-0.145619313059,0.0382530701172,0.00347531846702,0.106387174334,0.0500311365861,0.00239212971276,0.0268613475873
